full_name,email,city,signup_date
Zain Khan,zain.khan@gmail.com,Sargodha,2025-10-09
Adeel Qureshi,adeel.qureshi@gmail.com,Islamabad,2025-04-15
Sara Ahmed,sara.ahmed@gmail.com,Quetta,2026-03-09
Hassan Khan,hassan.khan@gmail.com,Karachi,2025-08-12
Waqas Awan,waqas.awan@gmail.com,Quetta,2025-01-28
Laiba Shaikh,laiba.shaikh@gmail.com,Sargodha,2026-03-06
Waqas Siddiqui,waqas.siddiqui@gmail.com,Quetta,2025-10-12
Ahmed Iqbal,ahmed.iqbal@gmail.com,Sargodha,2026-03-09
Hira Butt,hira.butt@gmail.com,Islamabad,2025-08-09
Hira Hussain,hira.hussain@gmail.com,Karachi,2026-01-25
Fahad Javed,fahad.javed@gmail.com,Multan,2025-09-28
Hassan Siddiqui,hassan.siddiqui@gmail.com,Sialkot,2025-05-08
Sadia Ahmed,sadia.ahmed@gmail.com,Sialkot,2025-10-28
Iqra Baig,iqra.baig@gmail.com,Faisalabad,2025-03-13
Hassan Qureshi,hassan.qureshi@gmail.com,Rawalpindi,2025-03-23
Waqas Hussain,waqas.hussain@gmail.com,Peshawar,2025-10-12
Mehwish Javed,mehwish.javed@gmail.com,Islamabad,2026-01-15
Komal Shaikh,komal.shaikh@gmail.com,Hyderabad,2025-10-01
Bilal Gondal,bilal.gondal@gmail.com,Hyderabad,2025-06-25
Sara Qureshi,sara.qureshi@gmail.com,Islamabad,2026-04-19
Sadia Butt,sadia.butt@gmail.com,Hyderabad,2025-08-13
Mahnoor Malik,mahnoor.malik@gmail.com,Faisalabad,2025-02-02
Mahnoor Mahmood,mahnoor.mahmood@gmail.com,Rawalpindi,2025-03-09
Tariq Baig,tariq.baig@gmail.com,Sargodha,2025-11-19
Tariq Abbasi,tariq.abbasi@gmail.com,Peshawar,2026-04-15
Hamid Butt,hamid.butt@gmail.com,Islamabad,2025-09-10
Laiba Rana,laiba.rana@gmail.com,Rawalpindi,2026-03-15
Nimra Mahmood,nimra.mahmood@gmail.com,Multan,2025-08-13
Saad Awan,saad.awan@gmail.com,Gujranwala,2025-04-04
Hamza Hussain,hamza.hussain@gmail.com,Islamabad,2025-06-13
Areeba Gondal,areeba.gondal@gmail.com,Karachi,2026-01-30
Sadia Gondal,sadia.gondal@gmail.com,Gujranwala,2025-09-15
Laiba Khan,laiba.khan@gmail.com,Hyderabad,2025-04-28
Sara Butt,sara.butt@gmail.com,Hyderabad,2025-12-15
Zain Chaudhry,zain.chaudhry@gmail.com,Peshawar,2025-06-11
Mehwish Khan,mehwish.khan@gmail.com,Sargodha,2025-09-27
Sidra Iqbal,sidra.iqbal@gmail.com,Sialkot,2025-04-19
Sana Awan,sana.awan@gmail.com,Quetta,2025-07-23
Hamid Javed,hamid.javed@gmail.com,Islamabad,2025-01-01
Mahnoor Abbasi,mahnoor.abbasi@gmail.com,Lahore,2025-04-25